Game,Level,Score,TimeStep,TimeMinute
NEW EDIT 3 DONKEYMAN,,,,
0,2,9070,7329,4.643766666666666
1,2,6780,7710,4.884433333333333
